god.eternal	NASB	Ex 3:14	1594	1594
god.gracious	NASB	Ex 34:6	2503	2503
god.one	NASB	Deu 6:4	5091	5091
meditation	NASB	Deu 6:6-7	5093	5094
parenting	NASB	Deu 6:6-7	5093	5094
teaching	NASB	Deu 6:6-7	5093	5094
word	NASB	Deu 6:6-7	5093	5094
god.faithful	NASB	Deu 7:9	5121	5121
gods_will	NASB	Deu 29:29	5709	5709
knowledge	NASB	Deu 29:29	5709	5709
law	NASB	Deu 29:29	5709	5709
mystery	NASB	Deu 29:29	5709	5709
revelation	NASB	Deu 29:29	5709	5709
secret	NASB	Deu 29:29	5709	5709
god.holy	NASB	Deu 32:4	5763	5763
blessing	NASB	Josh 1:8	5860	5860
meditation	NASB	Josh 1:8	5860	5860
success	NASB	Josh 1:8	5860	5860
word	NASB	Josh 1:8	5860	5860
courage	NASB	Josh 1:9	5861	5861
fear	NASB	Josh 1:9	5861	5861
gods_presence	NASB	Josh 1:9	5861	5861
protection	NASB	Josh 1:9	5861	5861
strength	NASB	Josh 1:9	5861	5861
strength	NASB	1 Sam 30:6	7985	7985
god.omniprensence	NASB	1 Ki 8:27	9013	9013
god.free	NASB	1 Chr 29:11-13	11176	11178
giving	NASB	1 Chr 29:14	11179	11179
gods_presence	NASB	2 Chr 16:9	11519	11519
loving_god	NASB	2 Chr 16:9	11519	11519
strength	NASB	2 Chr 16:9	11519	11519
support	NASB	2 Chr 16:9	11519	11519
bible_study	NASB	Ez 7:10	12184	12184
discipleship	NASB	Ez 7:10	12184	12184
godly_men	NASB	Ez 7:10	12184	12184
leadership	NASB	Ez 7:10	12184	12184
obedience	NASB	Ez 7:10	12184	12184
teaching	NASB	Ez 7:10	12184	12184
word	NASB	Ez 7:10	12184	12184
attitude	NASB	Neh 8:10	12504	12504
grief	NASB	Neh 8:10	12504	12504
joy	NASB	Neh 8:10	12504	12504
sadness	NASB	Neh 8:10	12504	12504
strength	NASB	Neh 8:10	12504	12504
fear	NASB	Est 4:14	12777	12777
leadership	NASB	Est 4:14	12777	12777
man_pleasing	NASB	Est 4:14	12777	12777
opportunity	NASB	Est 4:14	12777	12777
sovereignty	NASB	Est 4:14	12777	12777
suffering	NASB	Job 2:10	12902	12902
trials	NASB	Job 5:7	12959	12959
lust	NASB	Job 31:1	13590	13590
purity	NASB	Job 31:1	13590	13590
knowledge	NASB	Job 38:2	13796	13796
speaking	NASB	Job 38:2	13796	13796
god.power	NASB	Job 42:2	13925	13925
god.sovereignty	NASB	Job 42:2	13925	13925
blessing	NASB	Ps 1:1-3	13941	13943
companions	NASB	Ps 1:1-3	13941	13943
counsel	NASB	Ps 1:1-3	13941	13943
evil	NASB	Ps 1:1-3	13941	13943
meditation	NASB	Ps 1:1-3	13941	13943
success	NASB	Ps 1:1-3	13941	13943
word	NASB	Ps 1:1-3	13941	13943
sleep	NASB	Ps 3:5	13963	13963
peace	NASB	Ps 4:8	13974	13974
protection	NASB	Ps 4:8	13974	13974
sleep	NASB	Ps 4:8	13974	13974
prayer	NASB	Ps 5:3	13977	13977
blessing	NASB	Ps 5:11-12	13985	13986
favor	NASB	Ps 5:11-12	13985	13986
joy	NASB	Ps 5:11-12	13985	13986
protection	NASB	Ps 5:11-12	13985	13986
refuge	NASB	Ps 5:11-12	13985	13986
the_righteous	NASB	Ps 5:11-12	13985	13986
joy	NASB	Ps 16:11	14104	14104
xn_walk	NASB	Ps 16:11	14104	14104
joy	NASB	Ps 19:7-9	14176	14178
righteousness	NASB	Ps 19:7-9	14176	14178
wisdom	NASB	Ps 19:7-9	14176	14178
word	NASB	Ps 19:7-9	14176	14178
god	NASB	Ps 19:14	14183	14183
loving_god	NASB	Ps 19:14	14183	14183
mindset	NASB	Ps 19:14	14183	14183
purity	NASB	Ps 19:14	14183	14183
thoughts	NASB	Ps 19:14	14183	14183
contentment	NASB	Ps 23:1-3	14237	14239
provision	NASB	Ps 23:1-3	14237	14239
xn_walk	NASB	Ps 23:1-3	14237	14239
guidance	NASB	Ps 23:3	14239	14239
righteousness	NASB	Ps 23:3	14239	14239
sovereignty	NASB	Ps 23:3	14239	14239
fear	NASB	Ps 23:4	14240	14240
protection	NASB	Ps 23:4	14240	14240
strength	NASB	Ps 23:4	14240	14240
blessing	NASB	Ps 23:5-6	14241	14242
enemies	NASB	Ps 23:5-6	14241	14242
heaven	NASB	Ps 23:5-6	14241	14242
mercy	NASB	Ps 23:5-6	14241	14242
approach	NASB	Ps 24:3-6	14245	14248
idolatry	NASB	Ps 24:3-6	14245	14248
integrity	NASB	Ps 24:3-6	14245	14248
purity	NASB	Ps 24:3-6	14245	14248
god.faithful	NASB	Ps 33:4	14371	14371
joy	NASB	Ps 34:5	14394	14394
loving_god	NASB	Ps 34:5	14394	14394
radiance	NASB	Ps 34:5	14394	14394
strength	NASB	Ps 34:5	14394	14394
the_righteous	NASB	Ps 34:5	14394	14394
god.goodness	NASB	Ps 34:8	14397	14397
protection	NASB	Ps 34:8	14397	14397
approach	NASB	Ps 34:18	14407	14407
brokenness	NASB	Ps 34:18	14407	14407
blessing	NASB	Ps 37:4-5	14455	14456
prayer	NASB	Ps 37:4-5	14455	14456
surrender	NASB	Ps 37:4-5	14455	14456
the_righteous	NASB	Ps 37:25-26	14476	14477
god.trinity	NASB	Ps 45:6-7	14604	14605
approach	NASB	Ps 51:16-17	14708	14709
brokenness	NASB	Ps 51:16-17	14708	14709
sacrifice	NASB	Ps 51:16-17	14708	14709
blessing	NASB	Ps 84:11-12	15271	15272
faith	NASB	Ps 84:11-12	15271	15272
strength	NASB	Ps 84:11-12	15271	15272
god.eternal	NASB	Ps 90:4	15383	15383
time	NASB	Ps 90:10-12	15389	15391
integrity	NASB	Ps 101:2-3	15516	15517
purity	NASB	Ps 101:2-3	15516	15517
god.compassion	NASB	Ps 103:13-14	15563	15564
god.father	NASB	Ps 103:13-14	15563	15564
god.sovereignty	NASB	Ps 115:3	15834	15834
obedience	NASB	Ps 119:9	15908	15908
purity	NASB	Ps 119:9	15908	15908
temptation	NASB	Ps 119:9	15908	15908
word	NASB	Ps 119:9	15908	15908
young_men	NASB	Ps 119:9	15908	15908
loving_god	NASB	Ps 119:10	15909	15909
obedience	NASB	Ps 119:10	15909	15909
straying	NASB	Ps 119:10	15909	15909
strength	NASB	Ps 119:10	15909	15909
memorization	NASB	Ps 119:11	15910	15910
purity	NASB	Ps 119:11	15910	15910
sin	NASB	Ps 119:11	15910	15910
temptation	NASB	Ps 119:11	15910	15910
word	NASB	Ps 119:11	15910	15910
growth	NASB	Ps 119:32	15931	15931
heart	NASB	Ps 119:32	15931	15931
obedience	NASB	Ps 119:32	15931	15931
understanding	NASB	Ps 119:32	15931	15931
wisdom	NASB	Ps 119:32	15931	15931
focus	NASB	Ps 119:37	15936	15936
mindset	NASB	Ps 119:37	15936	15936
purity	NASB	Ps 119:37	15936	15936
revival	NASB	Ps 119:37	15936	15936
vanity	NASB	Ps 119:37	15936	15936
affliction	NASB	Ps 119:50	15949	15949
comfort	NASB	Ps 119:50	15949	15949
endurance	NASB	Ps 119:50	15949	15949
revival	NASB	Ps 119:50	15949	15949
trials	NASB	Ps 119:50	15949	15949
word	NASB	Ps 119:50	15949	15949
affliction	NASB	Ps 119:67	15966	15966
discipline	NASB	Ps 119:67	15966	15966
obedience	NASB	Ps 119:67	15966	15966
trials	NASB	Ps 119:67	15966	15966
endurance	NASB	Ps 119:92	15991	15991
joy	NASB	Ps 119:92	15991	15991
revival	NASB	Ps 119:92	15991	15991
sanctification	NASB	Ps 119:92	15991	15991
trials	NASB	Ps 119:92	15991	15991
word	NASB	Ps 119:92	15991	15991
peace	NASB	Ps 119:165	16064	16064
word	NASB	Ps 119:165	16064	16064
confession	NASB	Ps 119:168	16067	16067
conscience	NASB	Ps 119:168	16067	16067
obedience	NASB	Ps 119:168	16067	16067
omniscience	NASB	Ps 119:168	16067	16067
sin	NASB	Ps 119:168	16067	16067
effectiveness	NASB	Ps 127:1-2	16123	16124
family	NASB	Ps 127:1-2	16123	16124
sleep	NASB	Ps 127:1-2	16123	16124
success	NASB	Ps 127:1-2	16123	16124
trusting_self	NASB	Ps 127:1-2	16123	16124
anxiety	NASB	Ps 131:1-3	16150	16152
hope	NASB	Ps 131:1-3	16150	16152
humility	NASB	Ps 131:1-3	16150	16152
peace	NASB	Ps 131:1-3	16150	16152
pride	NASB	Ps 131:1-3	16150	16152
rest	NASB	Ps 131:1-3	16150	16152
god.power	NASB	Ps 135:5-6	16181	16182
god.sovereignty	NASB	Ps 135:5-6	16181	16182
god.omniscience	NASB	Ps 139:1-16	16241	16256
god.omniprensence	NASB	Ps 139:7-12	16247	16252
anxiety	NASB	Ps 139:23-24	16263	16264
approach	NASB	Ps 139:23-24	16263	16264
heart	NASB	Ps 139:23-24	16263	16264
peace	NASB	Ps 139:23-24	16263	16264
sin	NASB	Ps 139:23-24	16263	16264
spirit	NASB	Ps 139:23-24	16263	16264
god.omniscience	NASB	Ps 147:5	16357	16357
fear	NASB	Pr 1:7	16408	16408
knowledge	NASB	Pr 1:7	16408	16408
the_fool	NASB	Pr 1:7	16408	16408
wisdom	NASB	Pr 1:7	16408	16408
faith	NASB	Pr 3:5-6	16461	16462
guidance	NASB	Pr 3:5-6	16461	16462
sovereignty	NASB	Pr 3:5-6	16461	16462
trusting_self	NASB	Pr 3:5-6	16461	16462
blessing	NASB	Pr 3:9-10	16465	16466
giving	NASB	Pr 3:9-10	16465	16466
money	NASB	Pr 3:9-10	16465	16466
prosperity	NASB	Pr 3:9-10	16465	16466
reward	NASB	Pr 3:9-10	16465	16466
stewardship	NASB	Pr 3:9-10	16465	16466
correction	NASB	Pr 3:11-12	16467	16468
discipline	NASB	Pr 3:11-12	16467	16468
parenting	NASB	Pr 3:11-12	16467	16468
reproof	NASB	Pr 3:11-12	16467	16468
focus	NASB	Pr 4:23-25	16514	16516
heart	NASB	Pr 4:23-25	16514	16516
path	NASB	Pr 4:23-25	16514	16516
purity	NASB	Pr 4:23-25	16514	16516
self_reflection	NASB	Pr 4:23-25	16514	16516
meditation	NASB	Pr 7:1-3	16577	16579
memorization	NASB	Pr 7:1-3	16577	16579
wisdom	NASB	Pr 7:1-3	16577	16579
word	NASB	Pr 7:1-3	16577	16579
seeking_god	NASB	Pr 8:17	16620	16620
seeking_wisdom	NASB	Pr 8:17	16620	16620
wisdom	NASB	Pr 8:17	16620	16620
seeking_wisdom	NASB	Pr 8:34	16637	16637
waiting	NASB	Pr 8:34	16637	16637
wisdom	NASB	Pr 8:34	16637	16637
deceit	NASB	Pr 10:2	16659	16659
evil	NASB	Pr 10:2	16659	16659
evil_gain	NASB	Pr 10:2	16659	16659
gain	NASB	Pr 10:2	16659	16659
profit	NASB	Pr 10:2	16659	16659
righteousness	NASB	Pr 10:2	16659	16659
schemes	NASB	Pr 10:2	16659	16659
sin	NASB	Pr 10:2	16659	16659
success	NASB	Pr 10:2	16659	16659
diligence	NASB	Pr 10:4	16661	16661
laziness	NASB	Pr 10:4	16661	16661
prosperity	NASB	Pr 10:4	16661	16661
honesty	NASB	Pr 10:9	16666	16666
integrity	NASB	Pr 10:9	16666	16666
grace	NASB	Pr 10:12	16669	16669
hate	NASB	Pr 10:12	16669	16669
love	NASB	Pr 10:12	16669	16669
sin	NASB	Pr 10:12	16669	16669
sin	NASB	Pr 10:19	16676	16676
tongue	NASB	Pr 10:19	16676	16676
godliness	NASB	Pr 10:23-24	16680	16681
the_fool	NASB	Pr 10:23-24	16680	16681
understanding	NASB	Pr 10:23-24	16680	16681
wickedness	NASB	Pr 10:23-24	16680	16681
wisdom	NASB	Pr 10:23-24	16680	16681
humility	NASB	Pr 11:2	16691	16691
pride	NASB	Pr 11:2	16691	16691
regret	NASB	Pr 11:2	16691	16691
wisdom	NASB	Pr 11:2	16691	16691
counsel	NASB	Pr 11:14	16703	16703
plans	NASB	Pr 11:14	16703	16703
success	NASB	Pr 11:14	16703	16703
blessing	NASB	Pr 11:25	16714	16714
generosity	NASB	Pr 11:25	16714	16714
money	NASB	Pr 11:25	16714	16714
reward	NASB	Pr 11:25	16714	16714
servanthood	NASB	Pr 11:25	16714	16714
success	NASB	Pr 11:25	16714	16714
evangelism	NASB	Pr 11:30	16719	16719
fruit	NASB	Pr 11:30	16719	16719
gospel	NASB	Pr 11:30	16719	16719
counsel	NASB	Pr 12:15	16735	16735
the_fool	NASB	Pr 12:15	16735	16735
trusting_self	NASB	Pr 12:15	16735	16735
gentleness	NASB	Pr 12:18	16738	16738
healing	NASB	Pr 12:18	16738	16738
rashness	NASB	Pr 12:18	16738	16738
the_wise	NASB	Pr 12:18	16738	16738
tongue	NASB	Pr 12:18	16738	16738
correction	NASB	Pr 12:19	16739	16739
deceit	NASB	Pr 12:19	16739	16739
truth	NASB	Pr 12:19	16739	16739
diligence	NASB	Pr 13:4	16752	16752
laziness	NASB	Pr 13:4	16752	16752
prosperity	NASB	Pr 13:4	16752	16752
soul	NASB	Pr 13:4	16752	16752
companions	NASB	Pr 13:20	16768	16768
counsel	NASB	Pr 13:20	16768	16768
destruction	NASB	Pr 13:20	16768	16768
fellowship	NASB	Pr 13:20	16768	16768
friends	NASB	Pr 13:20	16768	16768
wisdom	NASB	Pr 13:20	16768	16768
discipline	NASB	Pr 13:24	16772	16772
parenting	NASB	Pr 13:24	16772	16772
rod	NASB	Pr 13:24	16772	16772
death	NASB	Pr 14:12	16785	16785
destruction	NASB	Pr 14:12	16785	16785
the_fool	NASB	Pr 14:12	16785	16785
trusting_self	NASB	Pr 14:12	16785	16785
anger	NASB	Pr 15:1	16809	16809
gentleness	NASB	Pr 15:1	16809	16809
tongue	NASB	Pr 15:1	16809	16809
answering	NASB	Pr 15:2	16810	16810
knowledge	NASB	Pr 15:2	16810	16810
the_fool	NASB	Pr 15:2	16810	16810
tongue	NASB	Pr 15:2	16810	16810
wisdom	NASB	Pr 15:2	16810	16810
god.omniprensence	NASB	Pr 15:3	16811	16811
counsel	NASB	Pr 15:22	16830	16830
plans	NASB	Pr 15:22	16830	16830
success	NASB	Pr 15:22	16830	16830
answering	NASB	Pr 15:23	16831	16831
timing	NASB	Pr 15:23	16831	16831
tongue	NASB	Pr 15:23	16831	16831
answering	NASB	Pr 15:28	16836	16836
tongue	NASB	Pr 15:28	16836	16836
motives	NASB	Pr 16:2	16843	16843
trusting_self	NASB	Pr 16:2	16843	16843
faith	NASB	Pr 16:3	16844	16844
outcome	NASB	Pr 16:3	16844	16844
success	NASB	Pr 16:3	16844	16844
guidance	NASB	Pr 16:9	16850	16850
outcome	NASB	Pr 16:9	16850	16850
planning	NASB	Pr 16:9	16850	16850
sovereignty	NASB	Pr 16:9	16850	16850
god.sovereignty	NASB	Pr 16:33	16874	16874
prudence	NASB	Pr 17:26-27	16900	16901
restraint	NASB	Pr 17:26-27	16900	16901
tongue	NASB	Pr 17:26-27	16900	16901
counsel	NASB	Pr 18:1	16903	16903
isolation	NASB	Pr 18:1	16903	16903
selfishness	NASB	Pr 18:1	16903	16903
trusting_self	NASB	Pr 18:1	16903	16903
wisdom	NASB	Pr 18:1	16903	16903
counsel	NASB	Pr 18:2	16904	16904
pride	NASB	Pr 18:2	16904	16904
the_fool	NASB	Pr 18:2	16904	16904
tongue	NASB	Pr 18:2	16904	16904
trusting_self	NASB	Pr 18:2	16904	16904
understanding	NASB	Pr 18:2	16904	16904
answering	NASB	Pr 18:13	16915	16915
conflict	NASB	Pr 18:13	16915	16915
counsel	NASB	Pr 18:13	16915	16915
hastiness	NASB	Pr 18:13	16915	16915
listening	NASB	Pr 18:13	16915	16915
shame	NASB	Pr 18:13	16915	16915
tongue	NASB	Pr 18:13	16915	16915
conflict	NASB	Pr 18:17	16919	16919
counsel	NASB	Pr 18:17	16919	16919
disagreement	NASB	Pr 18:17	16919	16919
discernment	NASB	Pr 18:17	16919	16919
forgiveness	NASB	Pr 18:19	16921	16921
friends	NASB	Pr 18:19	16921	16921
offense	NASB	Pr 18:19	16921	16921
reconciliation	NASB	Pr 18:19	16921	16921
anger	NASB	Pr 19:2-3	16928	16929
conflict	NASB	Pr 19:2-3	16928	16929
frustration	NASB	Pr 19:2-3	16928	16929
hurry	NASB	Pr 19:2-3	16928	16929
knowledge	NASB	Pr 19:2-3	16928	16929
the_fool	NASB	Pr 19:2-3	16928	16929
anger	NASB	Pr 19:11	16937	16937
discretion	NASB	Pr 19:11	16937	16937
grace	NASB	Pr 19:11	16937	16937
patience	NASB	Pr 19:11	16937	16937
compassion	NASB	Pr 19:17	16943	16943
generosity	NASB	Pr 19:17	16943	16943
money	NASB	Pr 19:17	16943	16943
reward	NASB	Pr 19:17	16943	16943
the_poor	NASB	Pr 19:17	16943	16943
outcome	NASB	Pr 19:21	16947	16947
plans	NASB	Pr 19:21	16947	16947
purpose	NASB	Pr 19:21	16947	16947
sovereignty	NASB	Pr 19:21	16947	16947
discipleship	NASB	Pr 20:7	16962	16962
faithfulness	NASB	Pr 20:7	16962	16962
family	NASB	Pr 20:7	16962	16962
integrity	NASB	Pr 20:7	16962	16962
sons	NASB	Pr 20:7	16962	16962
business	NASB	Pr 20:10	16965	16965
honesty	NASB	Pr 20:10	16965	16965
integrity	NASB	Pr 20:10	16965	16965
business	NASB	Pr 20:14	16969	16969
integrity	NASB	Pr 20:14	16969	16969
deceit	NASB	Pr 20:17	16972	16972
honesty	NASB	Pr 20:17	16972	16972
integrity	NASB	Pr 20:17	16972	16972
regret	NASB	Pr 20:17	16972	16972
sin	NASB	Pr 20:17	16972	16972
temptation	NASB	Pr 20:17	16972	16972
counsel	NASB	Pr 20:18	16973	16973
plans	NASB	Pr 20:18	16973	16973
diligence	NASB	Pr 21:5	16990	16990
patience	NASB	Pr 21:5	16990	16990
planning	NASB	Pr 21:5	16990	16990
prudence	NASB	Pr 21:5	16990	16990
money	NASB	Pr 21:20	17005	17005
prudence	NASB	Pr 21:20	17005	17005
saving	NASB	Pr 21:20	17005	17005
counsel	NASB	Pr 21:30	17015	17015
god.wisdom	NASB	Pr 21:30	17015	17015
wisdom	NASB	Pr 21:30	17015	17015
outcome	NASB	Pr 21:31	17016	17016
preparation	NASB	Pr 21:31	17016	17016
sovereignty	NASB	Pr 21:31	17016	17016
success	NASB	Pr 21:31	17016	17016
trusting_god	NASB	Pr 21:31	17016	17016
parenting	NASB	Pr 22:6	17022	17022
discipline	NASB	Pr 22:15	17031	17031
parenting	NASB	Pr 22:15	17031	17031
rod	NASB	Pr 22:15	17031	17031
anger	NASB	Pr 22:24-25	17040	17041
company	NASB	Pr 22:24-25	17040	17041
money	NASB	Pr 23:4-5	17049	17050
riches	NASB	Pr 23:4-5	17049	17050
work	NASB	Pr 23:4-5	17049	17050
perspective	NASB	Pr 23:7	17052	17052
thinking	NASB	Pr 23:7	17052	17052
evangelism	NASB	Pr 24:11-12	17091	17092
witness	NASB	Pr 24:11-12	17091	17092
destruction	NASB	Pr 24:33-34	17113	17114
diligence	NASB	Pr 24:33-34	17113	17114
laziness	NASB	Pr 24:33-34	17113	17114
poverty	NASB	Pr 24:33-34	17113	17114
reflection	NASB	Pr 24:33-34	17113	17114
answering	NASB	Pr 25:11	17125	17125
timing	NASB	Pr 25:11	17125	17125
tongue	NASB	Pr 25:11	17125	17125
answering	NASB	Pr 25:15	17129	17129
forbearance	NASB	Pr 25:15	17129	17129
patience	NASB	Pr 25:15	17129	17129
persuasion	NASB	Pr 25:15	17129	17129
tongue	NASB	Pr 25:15	17129	17129
moderation	NASB	Pr 25:16	17130	17130
self_control	NASB	Pr 25:16	17130	17130
dating	NASB	Pr 25:24	17138	17138
wives	NASB	Pr 25:24	17138	17138
integrity	NASB	Pr 25:26	17140	17140
purity	NASB	Pr 25:26	17140	17140
witness	NASB	Pr 25:26	17140	17140
self_control	NASB	Pr 25:28	17142	17142
temptation	NASB	Pr 25:28	17142	17142
pride	NASB	Pr 26:12	17154	17154
the_fool	NASB	Pr 26:12	17154	17154
trusting_self	NASB	Pr 26:12	17154	17154
laziness	NASB	Pr 26:14	17156	17156
sleep	NASB	Pr 26:14	17156	17156
the_sluggard	NASB	Pr 26:14	17156	17156
inertia	NASB	Pr 26:15	17157	17157
laziness	NASB	Pr 26:15	17157	17157
the_sluggard	NASB	Pr 26:15	17157	17157
answering	NASB	Pr 26:16	17158	17158
counsel	NASB	Pr 26:16	17158	17158
humility	NASB	Pr 26:16	17158	17158
laziness	NASB	Pr 26:16	17158	17158
the_fool	NASB	Pr 26:16	17158	17158
the_sluggard	NASB	Pr 26:16	17158	17158
tongue	NASB	Pr 26:16	17158	17158
boasting	NASB	Pr 27:1	17171	17171
future	NASB	Pr 27:1	17171	17171
pride	NASB	Pr 27:1	17171	17171
sovereignty	NASB	Pr 27:1	17171	17171
praise	NASB	Pr 27:2	17172	17172
pride	NASB	Pr 27:2	17172	17172
tongue	NASB	Pr 27:2	17172	17172
correction	NASB	Pr 27:5-6	17175	17176
counsel	NASB	Pr 27:5-6	17175	17176
encouragement	NASB	Pr 27:5-6	17175	17176
enemies	NASB	Pr 27:5-6	17175	17176
friends	NASB	Pr 27:5-6	17175	17176
rebuke	NASB	Pr 27:5-6	17175	17176
tongue	NASB	Pr 27:5-6	17175	17176
availability	NASB	Pr 27:10	17180	17180
commitment	NASB	Pr 27:10	17180	17180
community	NASB	Pr 27:10	17180	17180
time	NASB	Pr 27:10	17180	17180
naive	NASB	Pr 27:12	17182	17182
purity	NASB	Pr 27:12	17182	17182
sin	NASB	Pr 27:12	17182	17182
temptation	NASB	Pr 27:12	17182	17182
the_fool	NASB	Pr 27:12	17182	17182
counsel	NASB	Pr 27:17	17187	17187
fellowship	NASB	Pr 27:17	17187	17187
friends	NASB	Pr 27:17	17187	17187
parenting	NASB	Pr 27:23	17193	17193
prayer	NASB	Pr 28:9	17206	17206
word	NASB	Pr 28:9	17206	17206
confession	NASB	Pr 28:13	17210	17210
forgiveness	NASB	Pr 28:13	17210	17210
prosperity	NASB	Pr 28:13	17210	17210
reconciliation	NASB	Pr 28:13	17210	17210
repentence	NASB	Pr 28:13	17210	17210
diligence	NASB	Pr 28:19	17216	17216
poverty	NASB	Pr 28:19	17216	17216
productivity	NASB	Pr 28:19	17216	17216
prosperity	NASB	Pr 28:19	17216	17216
work	NASB	Pr 28:19	17216	17216
blessing	NASB	Pr 28:20	17217	17217
diligence	NASB	Pr 28:20	17217	17217
hastiness	NASB	Pr 28:20	17217	17217
prosperity	NASB	Pr 28:20	17217	17217
riches	NASB	Pr 28:20	17217	17217
protection	NASB	Pr 28:26	17223	17223
the_fool	NASB	Pr 28:26	17223	17223
trusting_self	NASB	Pr 28:26	17223	17223
wisdom	NASB	Pr 28:26	17223	17223
anger	NASB	Pr 29:11	17236	17236
conflict	NASB	Pr 29:11	17236	17236
correction	NASB	Pr 29:15	17240	17240
discipline	NASB	Pr 29:15	17240	17240
parenting	NASB	Pr 29:15	17240	17240
rod	NASB	Pr 29:15	17240	17240
correction	NASB	Pr 29:17	17242	17242
discipline	NASB	Pr 29:17	17242	17242
parenting	NASB	Pr 29:17	17242	17242
the_fool	NASB	Pr 29:20	17245	17245
tongue	NASB	Pr 29:20	17245	17245
blessing	NASB	Pr 29:25	17250	17250
fear	NASB	Pr 29:25	17250	17250
god	NASB	Pr 29:25	17250	17250
protection	NASB	Pr 29:25	17250	17250
temptation	NASB	Pr 29:25	17250	17250
trust	NASB	Pr 29:25	17250	17250
beauty	NASB	Pr 31:30	17315	17315
charm	NASB	Pr 31:30	17315	17315
dating	NASB	Pr 31:30	17315	17315
godliness	NASB	Pr 31:30	17315	17315
vanity	NASB	Pr 31:30	17315	17315
wives	NASB	Pr 31:30	17315	17315
god.fear	NASB	Eccl 12:13	17537	17537
purpose	NASB	Eccl 12:13	17537	17537
god.holy	NASB	Is 6:3	17773	17773
faith	NASB	Is 26:3	18134	18134
mind	NASB	Is 26:3	18134	18134
peace	NASB	Is 26:3	18134	18134
desiring_god	NASB	Is 26:8	18139	18139
god.free	NASB	Is 40:12-18	18433	18439
energy	NASB	Is 40:31	18452	18452
rest	NASB	Is 40:31	18452	18452
strength	NASB	Is 40:31	18452	18452
waiting	NASB	Is 40:31	18452	18452
anxiety	NASB	Is 41:10	18462	18462
fear	NASB	Is 41:10	18462	18462
peace	NASB	Is 41:10	18462	18462
strength	NASB	Is 41:10	18462	18462
god.omniscience	NASB	Is 46:10	18597	18597
god.sovereignty	NASB	Is 46:10	18597	18597
approach	NASB	Is 57:15	18781	18781
brokenness	NASB	Is 57:15	18781	18781
god.holy	NASB	Is 57:15	18781	18781
holy	NASB	Is 57:15	18781	18781
god	NASB	Jer 9:23-24	19199	19200
pride	NASB	Jer 9:23-24	19199	19200
riches	NASB	Jer 9:23-24	19199	19200
wisdom	NASB	Jer 9:23-24	19199	19200
depravity	NASB	Jer 17:9	19367	19367
heart	NASB	Jer 17:9	19367	19367
sin	NASB	Jer 17:9	19367	19367
trusting_self	NASB	Jer 17:9	19367	19367
god.omniprensence	NASB	Jer 23:24	19509	19509
blessing	NASB	Lam 3:24-25	20379	20380
hope	NASB	Lam 3:24-25	20379	20380
seeking_god	NASB	Lam 3:24-25	20379	20380
strength	NASB	Lam 3:24-25	20379	20380
waiting	NASB	Lam 3:24-25	20379	20380
god.sovereignty	NASB	Lam 3:37-38	20392	20393
suffering	NASB	Lam 3:37-38	20392	20393
god.power	NASB	Dan 4:35	21873	21873
god.sovereignty	NASB	Dan 4:35	21873	21873
knowing_god	NASB	Dan 11:32	22069	22069
loving_god	NASB	Dan 11:32	22069	22069
strength	NASB	Dan 11:32	22069	22069
the_righteous	NASB	Dan 11:32	22069	22069
humility	NASB	Mic 6:8	22657	22657
justice	NASB	Mic 6:8	22657	22657
kindness	NASB	Mic 6:8	22657	22657
god.immutable	NASB	Mal 3:6	23127	23127
provision	NASB	Mt 4:4	23214	23214
word	NASB	Mt 4:4	23214	23214
knowing_god	NASB	Mt 5:8	23243	23243
purity	NASB	Mt 5:8	23243	23243
disciples	NASB	Mt 5:13-16	23248	23251
good_works	NASB	Mt 5:13-16	23248	23251
light	NASB	Mt 5:13-16	23248	23251
loving_others	NASB	Mt 5:13-16	23248	23251
outreach	NASB	Mt 5:13-16	23248	23251
salt	NASB	Mt 5:13-16	23248	23251
witness	NASB	Mt 5:13-16	23248	23251
approach	NASB	Mt 5:23-24	23258	23259
conflict	NASB	Mt 5:23-24	23258	23259
reconciliation	NASB	Mt 5:23-24	23258	23259
purity	NASB	Mt 5:28-29	23263	23264
temptation	NASB	Mt 5:30	23265	23265
prayer	NASB	Mt 6:5-13	23288	23296
prayer.effective	NASB	Mt 6:5-13	23288	23296
quiet_time	NASB	Mt 6:5-13	23288	23296
gods_will	NASB	Mt 6:10	23293	23293
kingdom	NASB	Mt 6:10	23293	23293
forgiveness	NASB	Mt 6:12	23295	23295
god.father	NASB	Mt 6:26-33	23309	23316
provision	NASB	Mt 6:26-33	23309	23316
mission	NASB	Mt 6:33	23316	23316
peace	NASB	Mt 6:33	23316	23316
priority	NASB	Mt 6:33	23316	23316
love	NASB	Mt 7:12	23329	23329
selflesness	NASB	Mt 7:12	23329	23329
god.gracious	NASB	Mt 9:27	23407	23407
fear	NASB	Mt 10:28	23446	23446
god.sovereignty	NASB	Mt 10:29	23447	23447
results	NASB	Mt 11:19	23479	23479
wisdom	NASB	Mt 11:19	23479	23479
freedom	NASB	Mt 11:28-30	23488	23490
fruit	NASB	Mt 11:28-30	23488	23490
rest	NASB	Mt 11:28-30	23488	23490
fruit	NASB	Mt 12:33-37	23523	23527
heart	NASB	Mt 12:33-37	23523	23527
tongue	NASB	Mt 12:33-37	23523	23527
judgment	NASB	Mt 12:36	23526	23526
tongue	NASB	Mt 12:36	23526	23526
reward	NASB	Mt 13:12	23552	23552
stewardship	NASB	Mt 13:12	23552	23552
church_discipline	NASB	Mt 18:15-17	23743	23745
conflict	NASB	Mt 18:15-17	23743	23745
correction	NASB	Mt 18:15-17	23743	23745
reconciliation	NASB	Mt 18:15-17	23743	23745
forgiveness	NASB	Mt 18:21-35	23749	23763
mercy	NASB	Mt 18:21-35	23749	23763
god.power	NASB	Mt 19:24	23787	23787
loving_god	NASB	Mt 22:37-38	23910	23911
loving_others	NASB	Mt 22:37-38	23910	23911
obedience	NASB	Mt 22:37-38	23910	23911
outreach	NASB	Mt 22:37-38	23910	23911
surrender	NASB	Mt 22:37-38	23910	23911
loving_others	NASB	Mt 25:35	24044	24044
service	NASB	Mt 25:35	24044	24044
surrender	NASB	Mt 26:39	24094	24094
alertness	NASB	Mt 26:41	24096	24096
flesh	NASB	Mt 26:41	24096	24096
prayer	NASB	Mt 26:41	24096	24096
sobriety	NASB	Mt 26:41	24096	24096
spirit	NASB	Mt 26:41	24096	24096
temptation	NASB	Mt 26:41	24096	24096
baptism	NASB	Mt 28:18-20	24214	24216
discipleship	NASB	Mt 28:18-20	24214	24216
evangelism	NASB	Mt 28:18-20	24214	24216
gospel	NASB	Mt 28:18-20	24214	24216
loving_others	NASB	Mt 28:18-20	24214	24216
obedience	NASB	Mt 28:18-20	24214	24216
outreach	NASB	Mt 28:18-20	24214	24216
witness	NASB	Mt 28:18-20	24214	24216
god.trinity	NASB	Mt 28:19	24215	24215
evil	NASB	Mk 7:21	24485	24485
heart	NASB	Mk 7:21	24485	24485
servanthood	NASB	Mk 10:45	24634	24634
belief	NASB	Mk 11:23-24	24664	24665
doubt	NASB	Mk 11:23-24	24664	24665
prayer	NASB	Mk 11:23-24	24664	24665
prayer.effective	NASB	Mk 11:23-24	24664	24665
enemies	NASB	Lk 6:27-36	25174	25183
love	NASB	Lk 6:27-36	25174	25183
mercy	NASB	Lk 6:27-36	25174	25183
evil	NASB	Lk 6:45	25192	25192
fruit	NASB	Lk 6:45	25192	25192
good	NASB	Lk 6:45	25192	25192
heart	NASB	Lk 6:45	25192	25192
tongue	NASB	Lk 6:45	25192	25192
sacrifice	NASB	Lk 9:23-24	25325	25326
self_denial	NASB	Lk 9:23-24	25325	25326
surrender	NASB	Lk 9:23-24	25325	25326
asking	NASB	Lk 11:5-13	25411	25419
persistence	NASB	Lk 11:5-13	25411	25419
prayer	NASB	Lk 11:5-13	25411	25419
provision	NASB	Lk 11:5-13	25411	25419
forgiveness	NASB	Lk 15:11-24	25600	25613
god.father	NASB	Lk 15:11-24	25600	25613
forgiveness	NASB	Lk 17:3-4	25655	25656
reconciliation	NASB	Lk 17:3-4	25655	25656
humility	NASB	Lk 17:10	25662	25662
obedience	NASB	Lk 17:10	25662	25662
stewardship	NASB	Lk 17:10	25662	25662
the_righteous	NASB	Lk 17:10	25662	25662
time	NASB	Lk 17:10	25662	25662
asking	NASB	Lk 18:1-8	25690	25697
persistance	NASB	Lk 18:1-8	25690	25697
prayer	NASB	Lk 18:1-8	25690	25697
leadership	NASB	Lk 22:26-27	25891	25892
servanthood	NASB	Lk 22:26-27	25891	25892
faith	NASB	Jn 1:12-13	26057	26058
gospel	NASB	Jn 1:12-13	26057	26058
justification	NASB	Jn 1:12-13	26057	26058
second_birth	NASB	Jn 1:12-13	26057	26058
grace	NASB	Jn 1:14	26059	26059
jesus	NASB	Jn 1:14	26059	26059
truth	NASB	Jn 1:14	26059	26059
word	NASB	Jn 1:14	26059	26059
eternal_life	NASB	Jn 3:16	26137	26137
god.loving	NASB	Jn 3:16	26137	26137
gospel	NASB	Jn 3:16	26137	26137
grace	NASB	Jn 3:16	26137	26137
justification	NASB	Jn 3:16	26137	26137
love	NASB	Jn 3:16	26137	26137
second_birth	NASB	Jn 3:16	26137	26137
approach	NASB	Jn 4:23-24	26180	26181
spirit	NASB	Jn 4:23-24	26180	26181
truth	NASB	Jn 4:23-24	26180	26181
worship	NASB	Jn 4:23-24	26180	26181
food	NASB	Jn 4:34	26191	26191
obedience	NASB	Jn 4:34	26191	26191
priority	NASB	Jn 4:34	26191	26191
indwelling	NASB	Jn 7:38	26367	26367
power	NASB	Jn 7:38	26367	26367
sn_life	NASB	Jn 7:38	26367	26367
abiding	NASB	Jn 8:31-32	26413	26414
disciples	NASB	Jn 8:31-32	26413	26414
word	NASB	Jn 8:31-32	26413	26414
eternal_life	NASB	Jn 10:27-30	26509	26512
security	NASB	Jn 10:27-30	26509	26512
sheep	NASB	Jn 10:27-30	26509	26512
disciples	NASB	Jn 13:34-35	26665	26666
love	NASB	Jn 13:34-35	26665	26666
one_another	NASB	Jn 13:34-35	26665	26666
servanthood	NASB	Jn 13:34-35	26665	26666
witness	NASB	Jn 13:34-35	26665	26666
exclusivity	NASB	Jn 14:6	26675	26675
gospel	NASB	Jn 14:6	26675	26675
jesus	NASB	Jn 14:6	26675	26675
life	NASB	Jn 14:6	26675	26675
truth	NASB	Jn 14:6	26675	26675
growth	NASB	Jn 14:21	26690	26690
loving_god	NASB	Jn 14:21	26690	26690
obedience	NASB	Jn 14:21	26690	26690
sanctification	NASB	Jn 14:21	26690	26690
anxiety	NASB	Jn 14:27	26696	26696
fear	NASB	Jn 14:27	26696	26696
peace	NASB	Jn 14:27	26696	26696
god.loving	NASB	Jn 14:31	26700	26700
abiding	NASB	Jn 15:5	26705	26705
faith	NASB	Jn 15:5	26705	26705
xn_walk	NASB	Jn 15:5	26705	26705
hate	NASB	Jn 15:18-19	26718	26719
suffering	NASB	Jn 15:18-19	26718	26719
world	NASB	Jn 15:18-19	26718	26719
peace	NASB	Jn 16:33	26760	26760
trials	NASB	Jn 16:33	26760	26760
eternal_life	NASB	Jn 17:3	26763	26763
knowing_god	NASB	Jn 17:3	26763	26763
sanctification	NASB	Jn 17:3	26763	26763
priority	NASB	Jn 17:4	26764	26764
god.faithful	NASB	Jn 17:17	26777	26777
jesus.deity	NASB	Jn 20:28	26896	26896
crucifixion	NASB	Acts 2:23	26973	26973
god.sovereignty	NASB	Acts 2:23	26973	26973
community	NASB	Acts 2:42	26992	26992
one_another	NASB	Acts 2:42	26992	26992
exclusivity	NASB	Acts 4:12	27035	27035
gospel	NASB	Acts 4:12	27035	27035
jesus	NASB	Acts 4:12	27035	27035
salvation	NASB	Acts 4:12	27035	27035
evangelism	NASB	Acts 4:19-20	27042	27043
fear	NASB	Acts 4:19-20	27042	27043
gospel	NASB	Acts 4:19-20	27042	27043
man_pleasing	NASB	Acts 4:19-20	27042	27043
persecution	NASB	Acts 4:19-20	27042	27043
sn_life	NASB	Acts 4:19-20	27042	27043
work	NASB	Acts 4:19-20	27042	27043
crucifixion	NASB	Acts 4:27-28	27050	27051
god.sovereignty	NASB	Acts 4:27-28	27050	27051
confidence	NASB	Acts 4:29	27052	27052
fear	NASB	Acts 4:29	27052	27052
power	NASB	Acts 4:29	27052	27052
strength	NASB	Acts 4:29	27052	27052
community	NASB	Acts 4:32-35	27055	27058
giving	NASB	Acts 4:32-35	27055	27058
good_works	NASB	Acts 4:32-35	27055	27058
one_another	NASB	Acts 4:32-35	27055	27058
holy_spirit.person	NASB	Acts 5:3-4	27063	27064
god.free	NASB	Acts 17:24-25	27548	27549
gospel	NASB	Acts 17:26-27	27550	27551
sovereignty	NASB	Acts 17:26-27	27550	27551
gospel	NASB	Acts 20:24	27651	27651
identity	NASB	Acts 20:24	27651	27651
mindset	NASB	Acts 20:24	27651	27651
mission	NASB	Acts 20:24	27651	27651
purpose	NASB	Acts 20:24	27651	27651
sacrifice	NASB	Acts 20:24	27651	27651
surrender	NASB	Acts 20:24	27651	27651
evangelism	NASB	Rom 1:16	27947	27947
gospel	NASB	Rom 1:16	27947	27947
power	NASB	Rom 1:16	27947	27947
salvation	NASB	Rom 1:16	27947	27947
god.just	NASB	Rom 1:18	27949	27949
god.just	NASB	Rom 2:5	27968	27968
depravity	NASB	Rom 3:23	28015	28015
glory	NASB	Rom 3:23	28015	28015
gospel	NASB	Rom 3:23	28015	28015
sin	NASB	Rom 3:23	28015	28015
atonement	NASB	Rom 5:8	28056	28056
gospel	NASB	Rom 5:8	28056	28056
jesus	NASB	Rom 5:8	28056	28056
love	NASB	Rom 5:8	28056	28056
reckoning	NASB	Rom 6:10-11	28079	28080
sin	NASB	Rom 6:10-11	28079	28080
sn_life	NASB	Rom 6:10-11	28079	28080
death	NASB	Rom 6:13	28082	28082
mission	NASB	Rom 6:13	28082	28082
new_life	NASB	Rom 6:13	28082	28082
sacrifice	NASB	Rom 6:13	28082	28082
surrender	NASB	Rom 6:13	28082	28082
death	NASB	Rom 6:23	28092	28092
eternal_life	NASB	Rom 6:23	28092	28092
gospel	NASB	Rom 6:23	28092	28092
grace	NASB	Rom 6:23	28092	28092
sanctification	NASB	Rom 6:23	28092	28092
sin	NASB	Rom 6:23	28092	28092
abiding	NASB	Rom 8:5-6	28122	28123
death	NASB	Rom 8:5-6	28122	28123
flesh	NASB	Rom 8:5-6	28122	28123
holy_spirit	NASB	Rom 8:5-6	28122	28123
life	NASB	Rom 8:5-6	28122	28123
mindset	NASB	Rom 8:5-6	28122	28123
peace	NASB	Rom 8:5-6	28122	28123
spirit	NASB	Rom 8:5-6	28122	28123
xn_walk	NASB	Rom 8:5-6	28122	28123
holy_spirit	NASB	Rom 8:11	28128	28128
indwelling	NASB	Rom 8:11	28128	28128
jesus	NASB	Rom 8:11	28128	28128
power	NASB	Rom 8:11	28128	28128
sn_life	NASB	Rom 8:11	28128	28128
spirit	NASB	Rom 8:11	28128	28128
holy_spirit	NASB	Rom 8:26-27	28143	28144
intercession	NASB	Rom 8:26-27	28143	28144
prayer	NASB	Rom 8:26-27	28143	28144
sovereignty	NASB	Rom 8:28	28145	28145
trials	NASB	Rom 8:28	28145	28145
(growth)	NASB	Rom 8:29	28146	28146
sanctificiation	NASB	Rom 8:29	28146	28146
transformation	NASB	Rom 8:29	28146	28146
glorification	NASB	Rom 8:29-30	28146	28147
justification	NASB	Rom 8:29-30	28146	28147
sanctification	NASB	Rom 8:29-30	28146	28147
christ	NASB	Rom 8:34	28151	28151
intercession	NASB	Rom 8:34	28151	28151
god.love	NASB	Rom 8:37	28154	28154
power	NASB	Rom 8:37	28154	28154
sn_life	NASB	Rom 8:37	28154	28154
victory	NASB	Rom 8:37	28154	28154
god.loving	NASB	Rom 8:37-39	28154	28156
faith	NASB	Rom 10:17	28206	28206
word	NASB	Rom 10:17	28206	28206
sacrifice	NASB	Rom 12:1-2	28247	28248
sanctification	NASB	Rom 12:1-2	28247	28248
surrender	NASB	Rom 12:1-2	28247	28248
word	NASB	Rom 12:1-2	28247	28248
(growth)	NASB	Rom 12:2	28248	28248
renewing	NASB	Rom 12:2	28248	28248
evil	NASB	Rom 12:9	28255	28255
goodness	NASB	Rom 12:9	28255	28255
hatred	NASB	Rom 12:9	28255	28255
hypocrisy	NASB	Rom 12:9	28255	28255
love	NASB	Rom 12:9	28255	28255
purity	NASB	Rom 12:9	28255	28255
commitment	NASB	Rom 12:10	28256	28256
disciples	NASB	Rom 12:10	28256	28256
love	NASB	Rom 12:10	28256	28256
one_another	NASB	Rom 12:10	28256	28256
servanthood	NASB	Rom 12:10	28256	28256
diligence	NASB	Rom 12:11	28257	28257
fervance	NASB	Rom 12:11	28257	28257
laziness	NASB	Rom 12:11	28257	28257
obedience	NASB	Rom 12:11	28257	28257
attitude	NASB	Rom 12:11-12	28257	28258
hope	NASB	Rom 12:12	28258	28258
joy	NASB	Rom 12:12	28258	28258
patience	NASB	Rom 12:12	28258	28258
peace	NASB	Rom 12:12	28258	28258
prayer	NASB	Rom 12:12	28258	28258
trials	NASB	Rom 12:12	28258	28258
compassion	NASB	Rom 12:14-21	28260	28267
empathy	NASB	Rom 12:14-21	28260	28267
enemies	NASB	Rom 12:14-21	28260	28267
forgiveness	NASB	Rom 12:14-21	28260	28267
revenge	NASB	Rom 12:14-21	28260	28267
conflict	NASB	Rom 12:18	28264	28264
peace	NASB	Rom 12:18	28264	28264
authority	NASB	Rom 13:1-2	28268	28269
government	NASB	Rom 13:1-2	28268	28269
submission	NASB	Rom 13:1-2	28268	28269
flesh	NASB	Rom 13:14	28281	28281
temptation	NASB	Rom 13:14	28281	28281
xn_walk	NASB	Rom 13:14	28281	28281
church	NASB	Rom 14:19	28300	28300
edification	NASB	Rom 14:19	28300	28300
encouragement	NASB	Rom 14:19	28300	28300
one_another	NASB	Rom 14:19	28300	28300
peace	NASB	Rom 14:19	28300	28300
abiding	NASB	Rom 14:23	28304	28304
doubts	NASB	Rom 14:23	28304	28304
faith	NASB	Rom 14:23	28304	28304
sin	NASB	Rom 14:23	28304	28304
acceptance	NASB	Rom 15:7	28311	28311
one_another	NASB	Rom 15:7	28311	28311
attitude	NASB	Rom 15:13	28317	28317
holy_spirit	NASB	Rom 15:13	28317	28317
hope	NASB	Rom 15:13	28317	28317
joy	NASB	Rom 15:13	28317	28317
peace	NASB	Rom 15:13	28317	28317
xn_walk	NASB	Rom 15:13	28317	28317
evangelism	NASB	1 Cor 1:18-21	28382	28385
gospel	NASB	1 Cor 1:18-21	28382	28385
the_fool	NASB	1 Cor 1:18-21	28382	28385
boasting	NASB	1 Cor 1:31	28395	28395
pride	NASB	1 Cor 1:31	28395	28395
flesh	NASB	1 Cor 2:1-3	28396	28398
power	NASB	1 Cor 2:1-3	28396	28398
spirit	NASB	1 Cor 2:1-3	28396	28398
wisdom	NASB	1 Cor 2:1-3	28396	28398
xn_walk	NASB	1 Cor 2:1-3	28396	28398
gods_will	NASB	1 Cor 2:9-10	28404	28405
mystery	NASB	1 Cor 2:9-10	28404	28405
revelation	NASB	1 Cor 2:9-10	28404	28405
secret	NASB	1 Cor 2:9-10	28404	28405
spirit	NASB	1 Cor 2:9-10	28404	28405
carnality	NASB	1 Cor 3:1-3	28412	28414
growth	NASB	1 Cor 3:1-3	28412	28414
maturity	NASB	1 Cor 3:1-3	28412	28414
reward	NASB	1 Cor 3:9-15	28420	28426
gods_word	NASB	1 Cor 4:6	28440	28440
humility	NASB	1 Cor 4:6	28440	28440
pride	NASB	1 Cor 4:6	28440	28440
revelation	NASB	1 Cor 4:6	28440	28440
boasting	NASB	1 Cor 4:7	28441	28441
humility	NASB	1 Cor 4:7	28441	28441
pride	NASB	1 Cor 4:7	28441	28441
talent	NASB	1 Cor 4:7	28441	28441
conflict	NASB	1 Cor 6:1-4	28469	28472
counsel	NASB	1 Cor 6:1-4	28469	28472
one_another	NASB	1 Cor 6:1-4	28469	28472
holy_spirit	NASB	1 Cor 6:18-20	28486	28488
purity	NASB	1 Cor 6:18-20	28486	28488
surrender	NASB	1 Cor 6:18-20	28486	28488
money	NASB	1 Cor 7:31	28519	28519
nlt	NASB	1 Cor 7:31	28519	28519
riches	NASB	1 Cor 7:31	28519	28519
stewardship	NASB	1 Cor 7:31	28519	28519
anxiety	NASB	1 Cor 7:32	28520	28520
focus	NASB	1 Cor 7:32	28520	28520
nlt	NASB	1 Cor 7:32	28520	28520
riches	NASB	1 Cor 7:32	28520	28520
world	NASB	1 Cor 7:32	28520	28520
god.one	NASB	1 Cor 8:6	28534	28534
godliness	NASB	1 Cor 9:26-27	28567	28568
purpose	NASB	1 Cor 9:26-27	28567	28568
reward	NASB	1 Cor 9:26-27	28567	28568
deliverance	NASB	1 Cor 10:13	28581	28581
god.faithful	NASB	1 Cor 10:13	28581	28581
strength	NASB	1 Cor 10:13	28581	28581
temptation	NASB	1 Cor 10:13	28581	28581
victory	NASB	1 Cor 10:13	28581	28581
motives	NASB	1 Cor 10:31	28599	28599
priority	NASB	1 Cor 10:31	28599	28599
conflict	NASB	1 Cor 13:4-7	28670	28673
envy	NASB	1 Cor 13:4-7	28670	28673
evil	NASB	1 Cor 13:4-7	28670	28673
faith	NASB	1 Cor 13:4-7	28670	28673
gentleness	NASB	1 Cor 13:4-7	28670	28673
hastiness	NASB	1 Cor 13:4-7	28670	28673
hope	NASB	1 Cor 13:4-7	28670	28673
justice	NASB	1 Cor 13:4-7	28670	28673
kindness	NASB	1 Cor 13:4-7	28670	28673
love	NASB	1 Cor 13:4-7	28670	28673
patience	NASB	1 Cor 13:4-7	28670	28673
pride	NASB	1 Cor 13:4-7	28670	28673
provocation	NASB	1 Cor 13:4-7	28670	28673
rudeness	NASB	1 Cor 13:4-7	28670	28673
sin	NASB	1 Cor 13:4-7	28670	28673
grace	NASB	1 Cor 15:10	28729	28729
labors	NASB	1 Cor 15:10	28729	28729
pride	NASB	1 Cor 15:10	28729	28729
sn_life	NASB	1 Cor 15:10	28729	28729
works	NASB	1 Cor 15:10	28729	28729
alertness	NASB	1 Cor 16:13-14	28790	28791
love	NASB	1 Cor 16:13-14	28790	28791
men	NASB	1 Cor 16:13-14	28790	28791
motives	NASB	1 Cor 16:13-14	28790	28791
strength	NASB	1 Cor 16:13-14	28790	28791
power	NASB	2 Cor 2:14	28839	28839
sn_life	NASB	2 Cor 2:14	28839	28839
triumph	NASB	2 Cor 2:14	28839	28839
victory	NASB	2 Cor 2:14	28839	28839
witness	NASB	2 Cor 2:14	28839	28839
grace	NASB	2 Cor 3:5-6	28847	28848
power	NASB	2 Cor 3:5-6	28847	28848
sn_life	NASB	2 Cor 3:5-6	28847	28848
sufficiency	NASB	2 Cor 3:5-6	28847	28848
growth	NASB	2 Cor 3:18	28860	28860
holy_spirit	NASB	2 Cor 3:18	28860	28860
sanctification	NASB	2 Cor 3:18	28860	28860
transformation	NASB	2 Cor 3:18	28860	28860
affliction	NASB	2 Cor 4:16-17	28876	28877
reward	NASB	2 Cor 4:16-17	28876	28877
trials	NASB	2 Cor 4:16-17	28876	28877
hope	NASB	2 Cor 4:16-18	28876	28878
reward	NASB	2 Cor 4:16-18	28876	28878
sanctification	NASB	2 Cor 4:16-18	28876	28878
eternal	NASB	2 Cor 4:18	28878	28878
focus	NASB	2 Cor 4:18	28878	28878
invisible	NASB	2 Cor 4:18	28878	28878
mindset	NASB	2 Cor 4:18	28878	28878
faith	NASB	2 Cor 5:7	28885	28885
xn_walk	NASB	2 Cor 5:7	28885	28885
good_works	NASB	2 Cor 5:9-10	28887	28888
judgment	NASB	2 Cor 5:9-10	28887	28888
reward	NASB	2 Cor 5:9-10	28887	28888
good_works	NASB	2 Cor 5:15	28893	28893
loving_god	NASB	2 Cor 5:15	28893	28893
mission	NASB	2 Cor 5:15	28893	28893
sacrifice	NASB	2 Cor 5:15	28893	28893
salvation	NASB	2 Cor 5:15	28893	28893
surrender	NASB	2 Cor 5:15	28893	28893
regret	NASB	2 Cor 7:10	28927	28927
repentence	NASB	2 Cor 7:10	28927	28927
sadness	NASB	2 Cor 7:10	28927	28927
sorrow	NASB	2 Cor 7:10	28927	28927
grace	NASB	2 Cor 9:8	28965	28965
power	NASB	2 Cor 9:8	28965	28965
sn_life	NASB	2 Cor 9:8	28965	28965
xn_walk	NASB	2 Cor 9:8	28965	28965
mindset	NASB	2 Cor 10:5	28977	28977
purity	NASB	2 Cor 10:5	28977	28977
temptation	NASB	2 Cor 10:5	28977	28977
thoughts	NASB	2 Cor 10:5	28977	28977
freedom	NASB	2 Cor 11:3	28993	28993
obedience	NASB	2 Cor 11:3	28993	28993
satan	NASB	2 Cor 11:3	28993	28993
xn_walk	NASB	2 Cor 11:3	28993	28993
fear	NASB	Gal 1:10	29068	29068
man_pleasing	NASB	Gal 1:10	29068	29068
pride	NASB	Gal 1:10	29068	29068
identity	NASB	Gal 2:20	29102	29102
indwelling	NASB	Gal 2:20	29102	29102
power	NASB	Gal 2:20	29102	29102
sanctification	NASB	Gal 2:20	29102	29102
sn_life	NASB	Gal 2:20	29102	29102
xn_walk	NASB	Gal 2:20	29102	29102
adoption	NASB	Gal 4:4-7	29136	29139
god.father	NASB	Gal 4:4-7	29136	29139
freedom	NASB	Gal 5:1	29164	29164
legalism	NASB	Gal 5:1	29164	29164
abiding	NASB	Gal 5:16-18	29179	29181
faithfulness	NASB	Gal 5:16-18	29179	29181
flesh	NASB	Gal 5:16-18	29179	29181
gentleness	NASB	Gal 5:16-18	29179	29181
goodness	NASB	Gal 5:16-18	29179	29181
joy	NASB	Gal 5:16-18	29179	29181
kindness	NASB	Gal 5:16-18	29179	29181
love	NASB	Gal 5:16-18	29179	29181
patience	NASB	Gal 5:16-18	29179	29181
peace	NASB	Gal 5:16-18	29179	29181
power	NASB	Gal 5:16-18	29179	29181
self_control	NASB	Gal 5:16-18	29179	29181
sn_life	NASB	Gal 5:16-18	29179	29181
spirit	NASB	Gal 5:16-18	29179	29181
xn_walk	NASB	Gal 5:16-18	29179	29181
fruit	NASB	Gal 5:22-23	29185	29186
love	NASB	Gal 5:22-23	29185	29186
spirit	NASB	Gal 5:22-23	29185	29186
conflict	NASB	Gal 6:1-2	29190	29191
correction	NASB	Gal 6:1-2	29190	29191
counsel	NASB	Gal 6:1-2	29190	29191
encouragement	NASB	Gal 6:1-2	29190	29191
gentleness	NASB	Gal 6:1-2	29190	29191
one_another	NASB	Gal 6:1-2	29190	29191
servanthood	NASB	Gal 6:1-2	29190	29191
corruption	NASB	Gal 6:7-8	29196	29197
eternal_life	NASB	Gal 6:7-8	29196	29197
flesh	NASB	Gal 6:7-8	29196	29197
reward	NASB	Gal 6:7-8	29196	29197
spirit	NASB	Gal 6:7-8	29196	29197
endurance	NASB	Gal 6:9-10	29198	29199
good_works	NASB	Gal 6:9-10	29198	29199
reward	NASB	Gal 6:9-10	29198	29199
strength	NASB	Gal 6:9-10	29198	29199
boasting	NASB	Gal 6:14	29203	29203
cross	NASB	Gal 6:14	29203	29203
pride	NASB	Gal 6:14	29203	29203
sn_life	NASB	Eph 1:3	29210	29210
xn_walk	NASB	Eph 1:3	29210	29210
sovereignty	NASB	Eph 1:11	29218	29218
gospel	NASB	Eph 1:13-14	29220	29221
holy_spirit	NASB	Eph 1:13-14	29220	29221
salvation	NASB	Eph 1:13-14	29220	29221
god.gracious	NASB	Eph 2:8	29238	29238
faith	NASB	Eph 2:8-9	29238	29239
gospel	NASB	Eph 2:8-9	29238	29239
grace	NASB	Eph 2:8-9	29238	29239
justification	NASB	Eph 2:8-9	29238	29239
works	NASB	Eph 2:8-9	29238	29239
good_works	NASB	Eph 2:10	29240	29240
salvation	NASB	Eph 2:10	29240	29240
prayers	NASB	Eph 3:14-21	29266	29273
power	NASB	Eph 3:16-17	29268	29269
sn_life	NASB	Eph 3:16-17	29268	29269
xn_walk	NASB	Eph 3:16-17	29268	29269
church	NASB	Eph 3:20-21	29272	29273
power	NASB	Eph 3:20-21	29272	29273
prayer	NASB	Eph 3:20-21	29272	29273
sn_life	NASB	Eph 3:20-21	29272	29273
xn_walk	NASB	Eph 3:20-21	29272	29273
gentleness	NASB	Eph 4:1-3	29274	29276
humility	NASB	Eph 4:1-3	29274	29276
one_another	NASB	Eph 4:1-3	29274	29276
patience	NASB	Eph 4:1-3	29274	29276
peace	NASB	Eph 4:1-3	29274	29276
unity	NASB	Eph 4:1-3	29274	29276
church	NASB	Eph 4:11-16	29284	29289
edification	NASB	Eph 4:11-16	29284	29289
spiritual_gifts	NASB	Eph 4:11-16	29284	29289
body	NASB	Eph 4:15-16	29288	29289
edification	NASB	Eph 4:15-16	29288	29289
growth	NASB	Eph 4:15-16	29288	29289
love	NASB	Eph 4:15-16	29288	29289
one_another	NASB	Eph 4:15-16	29288	29289
teaching	NASB	Eph 4:15-16	29288	29289
tongue	NASB	Eph 4:15-16	29288	29289
anger	NASB	Eph 4:26	29299	29299
conflict	NASB	Eph 4:26	29299	29299
conflict	NASB	Eph 4:29	29302	29302
encouragement	NASB	Eph 4:29	29302	29302
gossip	NASB	Eph 4:29	29302	29302
grace	NASB	Eph 4:29	29302	29302
tongue	NASB	Eph 4:29	29302	29302
forgiveness	NASB	Eph 4:32	29305	29305
one_another	NASB	Eph 4:32	29305	29305
imitation	NASB	Eph 5:1	29306	29306
inheritance	NASB	Eph 5:5	29310	29310
kingdom	NASB	Eph 5:5	29310	29310
gods_will	NASB	Eph 5:10	29315	29315
alertness	NASB	Eph 5:15-17	29320	29322
evil	NASB	Eph 5:15-17	29320	29322
gods_will	NASB	Eph 5:15-17	29320	29322
productivity	NASB	Eph 5:15-17	29320	29322
time	NASB	Eph 5:15-17	29320	29322
wisdom	NASB	Eph 5:15-17	29320	29322
xn_walk	NASB	Eph 5:15-17	29320	29322
abiding	NASB	Eph 5:18-19	29323	29324
drinking	NASB	Eph 5:18-19	29323	29324
holy_spirit	NASB	Eph 5:18-19	29323	29324
songs	NASB	Eph 5:18-19	29323	29324
xn_walk	NASB	Eph 5:18-19	29323	29324
authority	NASB	Eph 5:21	29326	29326
church	NASB	Eph 5:21	29326	29326
one_another	NASB	Eph 5:21	29326	29326
servanthood	NASB	Eph 5:21	29326	29326
submission	NASB	Eph 5:21	29326	29326
husbands	NASB	Eph 5:22-33	29327	29338
love	NASB	Eph 5:22-33	29327	29338
marriage	NASB	Eph 5:22-33	29327	29338
respect	NASB	Eph 5:22-33	29327	29338
submission	NASB	Eph 5:22-33	29327	29338
wives	NASB	Eph 5:22-33	29327	29338
discipline	NASB	Eph 6:4	29342	29342
instruction	NASB	Eph 6:4	29342	29342
parenting	NASB	Eph 6:4	29342	29342
provocation	NASB	Eph 6:4	29342	29342
reward	NASB	Eph 6:8	29346	29346
abiding	NASB	Eph 6:10	29348	29348
strength	NASB	Eph 6:10	29348	29348
persistance	NASB	Eph 6:18	29356	29356
prayer	NASB	Eph 6:18	29356	29356
prayer.constant	NASB	Eph 6:18	29356	29356
abounding	NASB	Phil 1:9	29371	29371
discernment	NASB	Phil 1:9	29371	29371
growth	NASB	Phil 1:9	29371	29371
surrender	NASB	Phil 1:19-21	29381	29383
gods_will	NASB	Phil 1:29	29391	29391
suffering	NASB	Phil 1:29	29391	29391
love	NASB	Phil 2:3-4	29395	29396
one_another	NASB	Phil 2:3-4	29395	29396
selflesness	NASB	Phil 2:3-4	29395	29396
servanthood	NASB	Phil 2:3-4	29395	29396
submission	NASB	Phil 2:3-4	29395	29396
fear	NASB	Phil 2:12-13	29404	29405
indwelling	NASB	Phil 2:12-13	29404	29405
sanctification	NASB	Phil 2:12-13	29404	29405
surrender	NASB	Phil 2:12-13	29404	29405
attitude	NASB	Phil 2:14-15	29406	29407
complaining	NASB	Phil 2:14-15	29406	29407
thankfulness	NASB	Phil 2:14-15	29406	29407
witness	NASB	Phil 2:14-15	29406	29407
surrender	NASB	Phil 3:7-8	29429	29430
god.power	NASB	Phil 3:20-21	29442	29443
peace	NASB	Phil 4:6-7	29449	29450
prayer	NASB	Phil 4:6-7	29449	29450
thankfulness	NASB	Phil 4:6-7	29449	29450
understanding	NASB	Phil 4:6-7	29449	29450
purity	NASB	Phil 4:8	29451	29451
thoughts	NASB	Phil 4:8	29451	29451
attitude	NASB	Phil 4:11-12	29454	29455
contentment	NASB	Phil 4:11-12	29454	29455
prosperity	NASB	Phil 4:11-12	29454	29455
riches	NASB	Phil 4:11-12	29454	29455
discipleship	NASB	Col 1:9-10	29475	29476
fruit	NASB	Col 1:9-10	29475	29476
growth	NASB	Col 1:9-10	29475	29476
obedience	NASB	Col 1:9-10	29475	29476
prayer	NASB	Col 1:9-10	29475	29476
sanctification	NASB	Col 1:9-10	29475	29476
abiding	NASB	Col 1:28-29	29494	29495
correction	NASB	Col 1:28-29	29494	29495
discipleship	NASB	Col 1:28-29	29494	29495
exhorting	NASB	Col 1:28-29	29494	29495
growth	NASB	Col 1:28-29	29494	29495
sanctification	NASB	Col 1:28-29	29494	29495
mindset	NASB	Col 3:1-4	29519	29522
honesty	NASB	Col 3:9	29527	29527
anger	NASB	Col 3:12	29530	29530
gentleness	NASB	Col 3:12	29530	29530
patience	NASB	Col 3:12	29530	29530
forgiveness	NASB	Col 3:13	29531	29531
motives	NASB	Col 3:17	29535	29535
priority	NASB	Col 3:17	29535	29535
thankfulness	NASB	Col 3:17	29535	29535
diligence	NASB	Col 3:22-25	29540	29543
motives	NASB	Col 3:22-25	29540	29543
reward	NASB	Col 3:22-25	29540	29543
work	NASB	Col 3:22-25	29540	29543
attitude	NASB	Col 4:2-3	29545	29546
gospel	NASB	Col 4:2-3	29545	29546
prayer	NASB	Col 4:2-3	29545	29546
thankfulness	NASB	Col 4:2-3	29545	29546
answering	NASB	Col 4:5-6	29548	29549
evangelism	NASB	Col 4:5-6	29548	29549
grace	NASB	Col 4:5-6	29548	29549
salt	NASB	Col 4:5-6	29548	29549
time	NASB	Col 4:5-6	29548	29549
tongue	NASB	Col 4:5-6	29548	29549
wisdom	NASB	Col 4:5-6	29548	29549
witness	NASB	Col 4:5-6	29548	29549
availability	NASB	1 Ths 2:8	29579	29579
commitment	NASB	1 Ths 2:8	29579	29579
discipleship	NASB	1 Ths 2:8	29579	29579
time	NASB	1 Ths 2:8	29579	29579
discipleship	NASB	1 Ths 2:19-20	29590	29591
joy	NASB	1 Ths 2:19-20	29590	29591
discipleship	NASB	1 Ths 3:9-10	29600	29601
joy	NASB	1 Ths 3:9-10	29600	29601
prayer	NASB	1 Ths 3:9-10	29600	29601
sanctification	NASB	1 Ths 3:9-10	29600	29601
gods_will	NASB	1 Ths 4:3	29607	29607
immorality	NASB	1 Ths 4:3	29607	29607
purity	NASB	1 Ths 4:3	29607	29607
sanctification	NASB	1 Ths 4:3	29607	29607
sex	NASB	1 Ths 4:3	29607	29607
lust	NASB	1 Ths 4:3-8	29607	29612
purity	NASB	1 Ths 4:3-8	29607	29612
sanctification	NASB	1 Ths 4:3-8	29607	29612
comfort	NASB	1 Ths 4:18	29622	29622
encouragement	NASB	1 Ths 4:18	29622	29622
one_another	NASB	1 Ths 4:18	29622	29622
edification	NASB	1 Ths 5:11	29633	29633
encouragement	NASB	1 Ths 5:11	29633	29633
one_another	NASB	1 Ths 5:11	29633	29633
encouragement	NASB	1 Ths 5:14	29636	29636
exhortation	NASB	1 Ths 5:14	29636	29636
one_another	NASB	1 Ths 5:14	29636	29636
patience	NASB	1 Ths 5:14	29636	29636
fellowship	NASB	1 Ths 5:15	29637	29637
love	NASB	1 Ths 5:15	29637	29637
the_body	NASB	1 Ths 5:15	29637	29637
joy	NASB	1 Ths 5:16	29638	29638
attitude	NASB	1 Ths 5:16-18	29638	29640
gods_will	NASB	1 Ths 5:16-18	29638	29640
prayer	NASB	1 Ths 5:17	29639	29639
thankfulness	NASB	1 Ths 5:18	29640	29640
holy_spirit	NASB	1 Ths 5:19	29641	29641
prophecy	NASB	1 Ths 5:20	29642	29642
discernment	NASB	1 Ths 5:21	29643	29643
purity	NASB	1 Ths 5:21	29643	29643
testing	NASB	1 Ths 5:21	29643	29643
evil	NASB	1 Ths 5:22	29644	29644
obedience	NASB	1 Ths 5:22	29644	29644
purity	NASB	1 Ths 5:22	29644	29644
god.just	NASB	2 Ths 1:5-10	29655	29660
gods_will	NASB	1 Tim 2:3-4	29720	29721
salvation	NASB	1 Tim 2:3-4	29720	29721
exercise	NASB	1 Tim 4:7-8	29755	29756
godliness	NASB	1 Tim 4:7-8	29755	29756
evil	NASB	1 Tim 6:9-10	29798	29799
greed	NASB	1 Tim 6:9-10	29798	29799
lust	NASB	1 Tim 6:9-10	29798	29799
riches	NASB	1 Tim 6:9-10	29798	29799
sin	NASB	1 Tim 6:9-10	29798	29799
sorrow	NASB	1 Tim 6:9-10	29798	29799
temptation	NASB	1 Tim 6:9-10	29798	29799
god.eternal	NASB	1 Tim 6:15-16	29804	29805
god.free	NASB	1 Tim 6:15-16	29804	29805
generosity	NASB	1 Tim 6:17-19	29806	29808
good_works	NASB	1 Tim 6:17-19	29806	29808
hope	NASB	1 Tim 6:17-19	29806	29808
humility	NASB	1 Tim 6:17-19	29806	29808
money	NASB	1 Tim 6:17-19	29806	29808
reward	NASB	1 Tim 6:17-19	29806	29808
riches	NASB	1 Tim 6:17-19	29806	29808
fear	NASB	2 Tim 1:6-7	29816	29817
love	NASB	2 Tim 1:6-7	29816	29817
mind	NASB	2 Tim 1:6-7	29816	29817
power	NASB	2 Tim 1:6-7	29816	29817
spirital_gifts	NASB	2 Tim 1:6-7	29816	29817
evangelism	NASB	2 Tim 1:8-9	29818	29819
gospel	NASB	2 Tim 1:8-9	29818	29819
salvation	NASB	2 Tim 1:8-9	29818	29819
suffering	NASB	2 Tim 1:8-9	29818	29819
dependence	NASB	2 Tim 2:1	29829	29829
grace	NASB	2 Tim 2:1	29829	29829
strength	NASB	2 Tim 2:1	29829	29829
xn_walk	NASB	2 Tim 2:1	29829	29829
discipleship	NASB	2 Tim 2:2	29830	29830
faithfulness	NASB	2 Tim 2:2	29830	29830
godliness	NASB	2 Tim 2:2	29830	29830
strategy	NASB	2 Tim 2:2	29830	29830
devotion	NASB	2 Tim 2:3-4	29831	29832
distraction	NASB	2 Tim 2:3-4	29831	29832
persection	NASB	2 Tim 2:3-4	29831	29832
priority	NASB	2 Tim 2:3-4	29831	29832
suffering	NASB	2 Tim 2:3-4	29831	29832
trials	NASB	2 Tim 2:3-4	29831	29832
determination	NASB	2 Tim 2:3-7	29831	29835
faithfulness	NASB	2 Tim 2:3-7	29831	29835
mindset	NASB	2 Tim 2:3-7	29831	29835
steadfastness	NASB	2 Tim 2:3-7	29831	29835
discipline	NASB	2 Tim 2:5	29833	29833
disqualification	NASB	2 Tim 2:5	29833	29833
obedience	NASB	2 Tim 2:5	29833	29833
diligence	NASB	2 Tim 2:6	29834	29834
discipline	NASB	2 Tim 2:6	29834	29834
laziness	NASB	2 Tim 2:6	29834	29834
reflection	NASB	2 Tim 2:7	29835	29835
savvy	NASB	2 Tim 2:7	29835	29835
thoughts	NASB	2 Tim 2:7	29835	29835
understanding	NASB	2 Tim 2:7	29835	29835
wisdom	NASB	2 Tim 2:7	29835	29835
elect	NASB	2 Tim 2:10	29838	29838
endurance	NASB	2 Tim 2:10	29838	29838
evangelism	NASB	2 Tim 2:10	29838	29838
gospel	NASB	2 Tim 2:10	29838	29838
salvation	NASB	2 Tim 2:10	29838	29838
god.faithful	NASB	2 Tim 2:11-13	29839	29841
reigning	NASB	2 Tim 2:11-13	29839	29841
reward	NASB	2 Tim 2:11-13	29839	29841
security	NASB	2 Tim 2:11-13	29839	29841
diligence	NASB	2 Tim 2:15	29843	29843
stewardship	NASB	2 Tim 2:15	29843	29843
word	NASB	2 Tim 2:15	29843	29843
faith	NASB	2 Tim 2:22	29850	29850
love	NASB	2 Tim 2:22	29850	29850
peace	NASB	2 Tim 2:22	29850	29850
righteousness	NASB	2 Tim 2:22	29850	29850
disputes	NASB	2 Tim 2:23	29851	29851
quarrels	NASB	2 Tim 2:23	29851	29851
speculations	NASB	2 Tim 2:23	29851	29851
strife	NASB	2 Tim 2:23	29851	29851
correction	NASB	2 Tim 2:24-26	29852	29854
encouragement	NASB	2 Tim 2:24-26	29852	29854
gentleness	NASB	2 Tim 2:24-26	29852	29854
patience	NASB	2 Tim 2:24-26	29852	29854
teaching	NASB	2 Tim 2:24-26	29852	29854
godliness	NASB	2 Tim 3:12	29866	29866
persection	NASB	2 Tim 3:12	29866	29866
suffering	NASB	2 Tim 3:12	29866	29866
trials	NASB	2 Tim 3:12	29866	29866
doctrine	NASB	2 Tim 3:16-17	29870	29871
good_works	NASB	2 Tim 3:16-17	29870	29871
inspiration	NASB	2 Tim 3:16-17	29870	29871
scripture	NASB	2 Tim 3:16-17	29870	29871
word	NASB	2 Tim 3:16-17	29870	29871
crown	NASB	2 Tim 4:7-8	29878	29879
endurance	NASB	2 Tim 4:7-8	29878	29879
reward	NASB	2 Tim 4:7-8	29878	29879
danger	NASB	2 Tim 4:18	29889	29889
fear	NASB	2 Tim 4:18	29889	29889
protection	NASB	2 Tim 4:18	29889	29889
god.faithful	NASB	Tit 1:2	29895	29895
good_works	NASB	Tit 2:14	29923	29923
salvation	NASB	Tit 2:14	29923	29923
good_works	NASB	Tit 3:8	29932	29932
salvation	NASB	Tit 3:8	29932	29932
fruit	NASB	Tit 3:14	29938	29938
good_works	NASB	Tit 3:14	29938	29938
accountability	NASB	Heb 3:13	30009	30009
correction	NASB	Heb 3:13	30009	30009
encouragement	NASB	Heb 3:13	30009	30009
exhortation	NASB	Heb 3:13	30009	30009
one_another	NASB	Heb 3:13	30009	30009
discernment	NASB	Heb 4:12	30027	30027
motives	NASB	Heb 4:12	30027	30027
spirit	NASB	Heb 4:12	30027	30027
word	NASB	Heb 4:12	30027	30027
god.judge	NASB	Heb 4:13	30028	30028
god.omniscience	NASB	Heb 4:13	30028	30028
judgment	NASB	Heb 4:13	30028	30028
omnipresence	NASB	Heb 4:13	30028	30028
high_priest	NASB	Heb 4:15	30030	30030
jesus	NASB	Heb 4:15	30030	30030
sinless	NASB	Heb 4:15	30030	30030
temptation	NASB	Heb 4:15	30030	30030
approach	NASB	Heb 4:16	30031	30031
forgiveness	NASB	Heb 4:16	30031	30031
grace	NASB	Heb 4:16	30031	30031
intercession	NASB	Heb 4:16	30031	30031
jesus	NASB	Heb 4:16	30031	30031
mercy	NASB	Heb 4:16	30031	30031
throne	NASB	Heb 4:16	30031	30031
obedience	NASB	Heb 5:8-9	30039	30040
suffering	NASB	Heb 5:8-9	30039	30040
growth	NASB	Heb 5:12-14	30043	30045
maturity	NASB	Heb 5:12-14	30043	30045
christ	NASB	Heb 7:25	30090	30090
intercession	NASB	Heb 7:25	30090	30090
accountability	NASB	Heb 10:24-25	30158	30159
church	NASB	Heb 10:24-25	30158	30159
community	NASB	Heb 10:24-25	30158	30159
edification	NASB	Heb 10:24-25	30158	30159
exhoration	NASB	Heb 10:24-25	30158	30159
fellowship	NASB	Heb 10:24-25	30158	30159
good_works	NASB	Heb 10:24-25	30158	30159
love	NASB	Heb 10:24-25	30158	30159
one_another	NASB	Heb 10:24-25	30158	30159
joy	NASB	Heb 11:2	30175	30175
reward	NASB	Heb 11:2	30175	30175
abiding	NASB	Heb 11:6	30179	30179
faith	NASB	Heb 11:6	30179	30179
god	NASB	Heb 11:6	30179	30179
reward	NASB	Heb 11:6	30179	30179
marriage	NASB	Heb 13:4	30246	30246
purity	NASB	Heb 13:4	30246	30246
jesus.immutable	NASB	Heb 13:8	30250	30250
authority	NASB	Heb 13:17	30259	30259
church	NASB	Heb 13:17	30259	30259
leadership	NASB	Heb 13:17	30259	30259
submission	NASB	Heb 13:17	30259	30259
attitude	NASB	Jas 1:2-4	30269	30271
endurance	NASB	Jas 1:2-4	30269	30271
joy	NASB	Jas 1:2-4	30269	30271
patience	NASB	Jas 1:2-4	30269	30271
sanctification	NASB	Jas 1:2-4	30269	30271
temptation	NASB	Jas 1:2-4	30269	30271
trials	NASB	Jas 1:2-4	30269	30271
prayer	NASB	Jas 1:5	30272	30272
wisdom	NASB	Jas 1:5	30272	30272
crown	NASB	Jas 1:12	30279	30279
endurance	NASB	Jas 1:12	30279	30279
faithfulness	NASB	Jas 1:12	30279	30279
reward	NASB	Jas 1:12	30279	30279
trials	NASB	Jas 1:12	30279	30279
lust	NASB	Jas 1:13	30280	30280
temptation	NASB	Jas 1:13	30280	30280
god.good	NASB	Jas 1:17	30284	30284
god.immutable	NASB	Jas 1:17	30284	30284
anger	NASB	Jas 1:19	30286	30286
conflict	NASB	Jas 1:19	30286	30286
tongue	NASB	Jas 1:19	30286	30286
(growth)	NASB	Jas 1:21-22	30288	30289
sanctification	NASB	Jas 1:21-22	30288	30289
word	NASB	Jas 1:21-22	30288	30289
blessing	NASB	Jas 1:25	30292	30292
obedience	NASB	Jas 1:25	30292	30292
success	NASB	Jas 1:25	30292	30292
word	NASB	Jas 1:25	30292	30292
service	NASB	Jas 1:27	30294	30294
tongue	NASB	Jas 3:1-18	30321	30338
depravity	NASB	Jas 3:8	30328	30328
evil	NASB	Jas 3:8	30328	30328
flesh	NASB	Jas 3:8	30328	30328
tongue	NASB	Jas 3:8	30328	30328
flesh	NASB	Jas 3:13-17	30333	30337
gentleness	NASB	Jas 3:13-17	30333	30337
holy_spirit	NASB	Jas 3:13-17	30333	30337
teaching	NASB	Jas 3:13-17	30333	30337
tongue	NASB	Jas 3:13-17	30333	30337
wisdom	NASB	Jas 3:13-17	30333	30337
wisdom_from_spirit	NASB	Jas 3:13-17	30333	30337
fruit	NASB	Jas 3:17	30337	30337
gentleness	NASB	Jas 3:17	30337	30337
goodness	NASB	Jas 3:17	30337	30337
mercy	NASB	Jas 3:17	30337	30337
peace	NASB	Jas 3:17	30337	30337
purity	NASB	Jas 3:17	30337	30337
reason	NASB	Jas 3:17	30337	30337
tongue	NASB	Jas 3:17	30337	30337
asking	NASB	Jas 4:2-3	30340	30341
motives	NASB	Jas 4:2-3	30340	30341
prayer	NASB	Jas 4:2-3	30340	30341
approach	NASB	Jas 4:3-10	30341	30348
brokenness	NASB	Jas 4:3-10	30341	30348
humility	NASB	Jas 4:3-10	30341	30348
pride	NASB	Jas 4:3-10	30341	30348
purity	NASB	Jas 4:3-10	30341	30348
repentance	NASB	Jas 4:3-10	30341	30348
worldliness	NASB	Jas 4:3-10	30341	30348
devil	NASB	Jas 4:7	30345	30345
submission	NASB	Jas 4:7	30345	30345
honesty	NASB	Jas 5:12	30367	30367
integrity	NASB	Jas 5:12	30367	30367
accountability	NASB	Jas 5:16	30371	30371
confession	NASB	Jas 5:16	30371	30371
one_another	NASB	Jas 5:16	30371	30371
prayer	NASB	Jas 5:16	30371	30371
character	NASB	1 Pet 1:5-8	30380	30383
growth	NASB	1 Pet 1:5-8	30380	30383
faith	NASB	1 Pet 1:6-7	30381	30382
peace	NASB	1 Pet 1:6-7	30381	30382
reward	NASB	1 Pet 1:6-7	30381	30382
trials	NASB	1 Pet 1:6-7	30381	30382
hope	NASB	1 Pet 1:13	30388	30388
mindset	NASB	1 Pet 1:13	30388	30388
return_of_christ	NASB	1 Pet 1:13	30388	30388
sobriety	NASB	1 Pet 1:13	30388	30388
holiness	NASB	1 Pet 1:15	30390	30390
fear	NASB	1 Pet 1:17	30392	30392
reward	NASB	1 Pet 1:17	30392	30392
time	NASB	1 Pet 1:17	30392	30392
growth	NASB	1 Pet 2:2	30402	30402
maturity	NASB	1 Pet 2:2	30402	30402
word	NASB	1 Pet 2:2	30402	30402
witness	NASB	1 Pet 2:9	30409	30409
flesh	NASB	1 Pet 2:11	30411	30411
obedience	NASB	1 Pet 2:11	30411	30411
soul	NASB	1 Pet 2:11	30411	30411
temptation	NASB	1 Pet 2:11	30411	30411
authority	NASB	1 Pet 2:13-15	30413	30415
gods_will	NASB	1 Pet 2:13-15	30413	30415
government	NASB	1 Pet 2:13-15	30413	30415
submission	NASB	1 Pet 2:13-15	30413	30415
freedom	NASB	1 Pet 2:16	30416	30416
obedience	NASB	1 Pet 2:16	30416	30416
time	NASB	1 Pet 2:16	30416	30416
authority	NASB	1 Pet 2:18	30418	30418
submission	NASB	1 Pet 2:18	30418	30418
suffering	NASB	1 Pet 2:18	30418	30418
good_works	NASB	1 Pet 2:24	30424	30424
salvation	NASB	1 Pet 2:24	30424	30424
dating	NASB	1 Pet 3:3-4	30428	30429
wives	NASB	1 Pet 3:3-4	30428	30429
compassion	NASB	1 Pet 3:8-9	30433	30434
forgiveness	NASB	1 Pet 3:8-9	30433	30434
humility	NASB	1 Pet 3:8-9	30433	30434
one_another	NASB	1 Pet 3:8-9	30433	30434
peace	NASB	1 Pet 3:8-9	30433	30434
unity	NASB	1 Pet 3:8-9	30433	30434
answering	NASB	1 Pet 3:15	30440	30440
defense	NASB	1 Pet 3:15	30440	30440
evangelism	NASB	1 Pet 3:15	30440	30440
gentleness	NASB	1 Pet 3:15	30440	30440
hope	NASB	1 Pet 3:15	30440	30440
gods_will	NASB	1 Pet 3:17	30442	30442
suffering	NASB	1 Pet 3:17	30442	30442
one_another	NASB	1 Pet 4:10	30457	30457
servanthood	NASB	1 Pet 4:10	30457	30457
sn_life	NASB	1 Pet 4:10	30457	30457
spiritual_gifts	NASB	1 Pet 4:10	30457	30457
faith	NASB	1 Pet 4:19	30466	30466
god.good	NASB	1 Pet 4:19	30466	30466
suffering	NASB	1 Pet 4:19	30466	30466
trust	NASB	1 Pet 4:19	30466	30466
humility	NASB	1 Pet 5:6-7	30472	30473
peace	NASB	1 Pet 5:6-7	30472	30473
prayer	NASB	1 Pet 5:6-7	30472	30473
alertness	NASB	1 Pet 5:8-9	30474	30475
devil	NASB	1 Pet 5:8-9	30474	30475
satan	NASB	1 Pet 5:8-9	30474	30475
sobriety	NASB	1 Pet 5:8-9	30474	30475
temptation	NASB	1 Pet 5:8-9	30474	30475
abiding	NASB	2 Pet 1:3-4	30483	30484
faith	NASB	2 Pet 1:3-4	30483	30484
god	NASB	2 Pet 1:3-4	30483	30484
god.glory	NASB	2 Pet 1:3-4	30483	30484
godliness	NASB	2 Pet 1:3-4	30483	30484
power	NASB	2 Pet 1:3-4	30483	30484
sn_life	NASB	2 Pet 1:3-4	30483	30484
word	NASB	2 Pet 1:3-4	30483	30484
xn_walk	NASB	2 Pet 1:3-4	30483	30484
god.holy	NASB	2 Pet 1:14-15	30494	30495
holiness	NASB	2 Pet 1:14-15	30494	30495
sanctification	NASB	2 Pet 1:14-15	30494	30495
future	NASB	2 Pet 3:13	30536	30536
hope	NASB	2 Pet 3:13	30536	30536
mindset	NASB	2 Pet 3:13	30536	30536
righteousness	NASB	2 Pet 3:13	30536	30536
approach	NASB	1 Jn 1:9	30550	30550
confession	NASB	1 Jn 1:9	30550	30550
forgiveness	NASB	1 Jn 1:9	30550	30550
prayer	NASB	1 Jn 1:9	30550	30550
abiding	NASB	1 Jn 2:3-6	30554	30557
knowing_god	NASB	1 Jn 2:3-6	30554	30557
loving_god	NASB	1 Jn 2:3-6	30554	30557
obedience	NASB	1 Jn 2:3-6	30554	30557
sanctification	NASB	1 Jn 2:3-6	30554	30557
abiding	NASB	1 Jn 2:28	30579	30579
confidence	NASB	1 Jn 2:28	30579	30579
reward	NASB	1 Jn 2:28	30579	30579
glorification	NASB	1 Jn 3:2-3	30582	30583
hope	NASB	1 Jn 3:2-3	30582	30583
purity	NASB	1 Jn 3:2-3	30582	30583
brothers	NASB	1 Jn 3:16	30596	30596
correction	NASB	1 Jn 3:16	30596	30596
love	NASB	1 Jn 3:16	30596	30596
one_another	NASB	1 Jn 3:16	30596	30596
confidence	NASB	1 Jn 3:21-22	30601	30602
obedience	NASB	1 Jn 3:21-22	30601	30602
prayer	NASB	1 Jn 3:21-22	30601	30602
god.loving	NASB	1 Jn 4:11	30615	30615
love	NASB	1 Jn 4:11	30615	30615
one_another	NASB	1 Jn 4:11	30615	30615
god.loving	NASB	1 Jn 4:16	30620	30620
love	NASB	1 Jn 4:19-20	30623	30624
loving.brother	NASB	1 Jn 4:19-20	30623	30624
loving.god	NASB	1 Jn 4:19-20	30623	30624
assurance	NASB	1 Jn 5:13	30638	30638
eternal_life	NASB	1 Jn 5:13	30638	30638
approach	NASB	1 Jn 5:14-15	30639	30640
confidence	NASB	1 Jn 5:14-15	30639	30640
gods_will	NASB	1 Jn 5:14-15	30639	30640
prayer	NASB	1 Jn 5:14-15	30639	30640
prayer.effective	NASB	1 Jn 5:14-15	30639	30640
god.eternal	NASB	Rev 1:8	30707	30707
god.holy	NASB	Rev 15:3-4	30951	30952
glory	NASB	Rev 15:4	30952	30952
god.fear	NASB	Rev 15:4	30952	30952
god.holy	NASB	Rev 15:4	30952	30952
holiness	NASB	Rev 15:4	30952	30952
worship	NASB	Rev 15:4	30952	30952
